{"info":{"_postman_id":"573796a5-bd42-4a1d-932a-b07694d1d759","name":"WhatToCook","schema":"https://schema.getpostman.com/json/collection/v2.1.0/collection.json"},"item":[{"name":"Recipe Data","event":[{"listen":"test","script":{"id":"0a4046d3-e3bc-4f62-9757-1776c480e87f","exec":["pm.test(\"Status code is 200\", function () {\r","    pm.response.to.have.status(200);\r","});\r","\r","pm.test(\"Recipe id=3 is correctly returned\", () => {\r","    const recipeFound = [\r","        {\r","            \"id\": 5,\r","            \"namerecipe\": \"Cookie\",\r","        }\r","    ];\r","\r","    const response = pm.response.json();\r","    pm.expect(response[0].id).to.be.eql(recipeFound[0].id);\r","    pm.expect(response[0].namerecipe).to.be.eql(recipeFound[0].namerecipe);\r","});"],"type":"text/javascript"}}],"id":"8df7db7f-453d-43c0-92dd-0b0c7fc8dcb3","protocolProfileBehavior":{"disableBodyPruning":true},"request":{"method":"GET","header":[],"url":{"raw":"http://{{IP_API}}:3001/recipe/5","protocol":"http","host":["{{IP_API}}"],"port":"3001","path":["recipe","5"]}},"response":[]},{"name":"Customer New User","event":[{"listen":"test","script":{"id":"26359181-9b83-44b7-a49e-bf5b8135af8d","exec":["pm.test(\"Status code is 201\", function () {\r","    pm.response.to.have.status(201);\r","});\r",""],"type":"text/javascript"}}],"id":"dee8403d-a868-48f5-ad00-c33ab55c2dab","protocolProfileBehavior":{"disableBodyPruning":true},"request":{"method":"POST","header":[],"body":{"mode":"urlencoded","urlencoded":[{"key":"lastName","value":"Post","type":"text"},{"key":"firstName","value":"Man","type":"text"},{"key":"password","value":"Postman000","type":"text"},{"key":"email","value":"postman@whattocook.be","type":"text"}]},"url":{"raw":"http://{{IP_API}}:3001/customer","protocol":"http","host":["{{IP_API}}"],"port":"3001","path":["customer"]}},"response":[]},{"name":"User Login","event":[{"listen":"test","script":{"id":"e4f3a5ec-e4f6-42e7-af22-41bd18f8b48b","exec":["pm.test(\"Status code is 200\", function () {\r","    const response = pm.response.json();\r","\r","    pm.environment.set('jwt_token', response);\r","    pm.test(\"JWT Token stored\");\r","    \r","    pm.response.to.have.status(200);\r","});"],"type":"text/javascript"}}],"id":"5e962ff7-87a8-4c34-8007-cf9106391a3f","protocolProfileBehavior":{"disableBodyPruning":true},"request":{"method":"POST","header":[],"body":{"mode":"urlencoded","urlencoded":[{"key":"email","value":"postman@whattocook.be","type":"text"},{"key":"password","value":"Postman000","type":"text"}]},"url":{"raw":"http://{{IP_API}}:3001/user","protocol":"http","host":["{{IP_API}}"],"port":"3001","path":["user"]}},"response":[]},{"name":"User Exists","event":[{"listen":"test","script":{"id":"d80884d3-59dc-487b-b13c-054ac983abf4","exec":["pm.test(\"Status code is 200\", function () {\r","    pm.response.to.have.status(200);\r","});\r","\r","pm.test(\"User is correctly returned\", () => {\r","    const userFound = {\r","            \"email\": \"postman@whattocook.be\"\r","    };\r","\r","    const response = pm.response.json();\r","    \r","    const idUser = response[0].id;\r","    pm.environment.set('user_id', idUser);\r","    pm.test(\"User ID stored\");\r","\r","    pm.expect(response[0].email).to.eql(userFound.email);\r","});"],"type":"text/javascript"}}],"id":"859acde3-4d3f-43f9-834b-1bc6ba814cd2","protocolProfileBehavior":{"disableBodyPruning":true},"request":{"auth":{"type":"bearer","bearer":[{"key":"token","value":"{{jwt_token}}","type":"string"}]},"method":"GET","header":[],"body":{"mode":"urlencoded","urlencoded":[{"key":"email","value":"postman@whattocook.be","type":"text"}]},"url":{"raw":"http://{{IP_API}}:3001/user","protocol":"http","host":["{{IP_API}}"],"port":"3001","path":["user"]}},"response":[]},{"name":"Customer Exists","event":[{"listen":"test","script":{"id":"a5756758-f15b-4824-82e3-4c638fa3bb26","exec":["pm.test(\"Status code is 200\", function () {\r","    pm.response.to.have.status(200);\r","});\r","\r","pm.test(\"Customer is correctly returned\", () => {\r","    const customerFound = {\r","            \"email\": \"postman@whattocook.be\"\r","    };\r","\r","    const response = pm.response.json();\r","    pm.expect(response[0].email).to.eql(customerFound.email);\r","});"],"type":"text/javascript"}}],"id":"5ecd20df-dcf6-49a8-b770-8f9f292316d3","protocolProfileBehavior":{"disableBodyPruning":true},"request":{"auth":{"type":"bearer","bearer":[{"key":"token","value":"{{jwt_token}}","type":"string"}]},"method":"GET","header":[],"url":{"raw":"http://{{IP_API}}:3001/customer/postman@whattocook.be","protocol":"http","host":["{{IP_API}}"],"port":"3001","path":["customer","postman@whattocook.be"]}},"response":[]},{"name":"Customer ChangePassword","event":[{"listen":"test","script":{"id":"ae76f932-34d1-4d6d-bc56-d45ba05f1345","exec":["pm.test(\"Status code is 204\", function () {\r","    pm.response.to.have.status(204);\r","});"],"type":"text/javascript"}}],"id":"4ff75d4f-27d1-4415-9026-090ca8d21a61","protocolProfileBehavior":{"disableBodyPruning":true},"request":{"auth":{"type":"bearer","bearer":[{"key":"token","value":"{{jwt_token}}","type":"string"}]},"method":"PATCH","header":[],"body":{"mode":"urlencoded","urlencoded":[{"key":"oldPassword","value":"Postman000","type":"text"},{"key":"newPassword","value":"0000","type":"text"},{"key":"oldEmail","value":"postman@whattocook.be","type":"text"}]},"url":{"raw":"http://{{IP_API}}:3001/customer","protocol":"http","host":["{{IP_API}}"],"port":"3001","path":["customer"]}},"response":[]},{"name":"Customer Fridge Add","event":[{"listen":"test","script":{"id":"fd60efae-6d59-42e2-88c3-2c41d300280d","exec":["pm.test(\"Status code is 200\", function () {\r","    pm.response.to.have.status(200);\r","});\r",""],"type":"text/javascript"}}],"id":"8538f1c1-349e-4cfc-805d-376f562fbef1","protocolProfileBehavior":{"disableBodyPruning":true},"request":{"auth":{"type":"bearer","bearer":[{"key":"token","value":"{{jwt_token}}","type":"string"}]},"method":"POST","header":[],"body":{"mode":"urlencoded","urlencoded":[{"key":"idCustomer","value":"{{user_id}}","type":"text"},{"key":"nameFood","value":"Saucisson","type":"text"},{"key":"quantity","value":"5","type":"text"},{"key":"weight","value":"275","type":"text"},{"key":"date","value":"23/02/2023","type":"text"}]},"url":{"raw":"http://{{IP_API}}:3001/fridge","protocol":"http","host":["{{IP_API}}"],"port":"3001","path":["fridge"]}},"response":[]},{"name":"Customer Fridge Fetch","event":[{"listen":"test","script":{"id":"4f400526-a017-485c-a6a8-94d1d1a82f67","exec":["pm.test(\"Status code is 200\", function () {\r","    pm.response.to.have.status(200);\r","});\r","\r","pm.test(\"Fridge is correctly returned\", () => {\r","    const fridgeFound = {\r","            \"name\": \"Saucisson\"\r","    };\r","\r","    const response = pm.response.json();\r","\r","    const idFoodFridge = response[0].id;\r","    pm.environment.set('foodFridge_id', idFoodFridge);\r","    pm.test(\"Environment variable stored\");\r","\r","    pm.expect(response[0].name).to.eql(fridgeFound.name);\r","});"],"type":"text/javascript"}}],"id":"51cffcf6-8d2d-4892-a4bf-2881bacaa791","protocolProfileBehavior":{"disableBodyPruning":true},"request":{"auth":{"type":"bearer","bearer":[{"key":"token","value":"{{jwt_token}}","type":"string"}]},"method":"GET","header":[],"url":{"raw":"http://{{IP_API}}:3001/fridge/{{user_id}}","protocol":"http","host":["{{IP_API}}"],"port":"3001","path":["fridge","{{user_id}}"]}},"response":[]},{"name":"Customer Fridge Remove","event":[{"listen":"test","script":{"id":"54bf339c-8be1-4d5b-8bf8-2780297eb904","exec":["pm.test(\"Status code is 204\", function () {\r","    pm.response.to.have.status(204);\r","});\r","\r","pm.test(\"Environment variable deleted\", () => {\r","    pm.environment.unset('foodFridge_id');\r","});"],"type":"text/javascript"}}],"id":"20764996-9d8e-48a6-9e24-e67c0059d3c9","protocolProfileBehavior":{"disableBodyPruning":true},"request":{"auth":{"type":"bearer","bearer":[{"key":"token","value":"{{jwt_token}}","type":"string"}]},"method":"DELETE","header":[],"body":{"mode":"urlencoded","urlencoded":[{"key":"idCustomer","value":"{{user_id}}","type":"text"},{"key":"idFood","value":"{{foodFridge_id}}","type":"text"}]},"url":{"raw":"http://{{IP_API}}:3001/fridge","protocol":"http","host":["{{IP_API}}"],"port":"3001","path":["fridge"]}},"response":[]},{"name":"Allergy Fetch","event":[{"listen":"prerequest","script":{"id":"7ba64b0f-2d26-4192-9cd6-b200aac3a898","exec":[""],"type":"text/javascript"}},{"listen":"test","script":{"id":"ecf04361-7fd6-41e0-b768-817a8adf7033","exec":["pm.test(\"Status code is 200\", function () {\r","    pm.response.to.have.status(200);\r","});\r","\r","pm.test(\"Allergy is correctly returned\", () => {\r","    const customerFound = {\r","            \"id\": 2,\r","            \"name\": \"Crustacés\"\r","    };\r","\r","    const response = pm.response.json();\r","\r","    pm.expect(response[0]).to.eql(customerFound)\r","});"],"type":"text/javascript"}}],"id":"298baa04-692d-4ba1-a1dc-879edb2759b1","protocolProfileBehavior":{"disableBodyPruning":true},"request":{"method":"GET","header":[],"url":{"raw":"http://{{IP_API}}:3001/allergy/2","protocol":"http","host":["{{IP_API}}"],"port":"3001","path":["allergy","2"],"query":[{"key":"id","value":"3","type":"text","disabled":true}]}},"response":[]},{"name":"Customer Allergy Add","event":[{"listen":"test","script":{"id":"c3fea601-1e10-4d34-8937-47bcf6791eb7","exec":["pm.test(\"Status code is 201\", function () {\r","    pm.response.to.have.status(201);\r","});"],"type":"text/javascript"}}],"id":"7dd3cb1a-88eb-4394-8458-4ce80105e5cc","protocolProfileBehavior":{"disableBodyPruning":true},"request":{"auth":{"type":"bearer","bearer":[{"key":"token","value":"{{jwt_token}}","type":"string"}]},"method":"POST","header":[],"body":{"mode":"urlencoded","urlencoded":[{"key":"idCustomer","value":"{{user_id}}","type":"text"},{"key":"idAllergies","value":"1","type":"text","disabled":true},{"key":"idAllergies","value":"2","type":"text","disabled":true},{"key":"idAllergies","value":"4","type":"text"},{"key":"idAllergies","value":"6","type":"text","disabled":true}]},"url":{"raw":"http://{{IP_API}}:3001/customerAllergy","protocol":"http","host":["{{IP_API}}"],"port":"3001","path":["customerAllergy"]}},"response":[]},{"name":"Customer Allergy Fetch","event":[{"listen":"test","script":{"id":"e0e7e22f-335c-4667-86d1-e850ad075115","exec":["pm.test(\"Status code is 200\", function () {\r","    pm.response.to.have.status(200);\r","});\r","\r","pm.test(\"Customer Allergy is correctly returned\", () => {\r","    const allergyFound = [\r","        {\r","            \"idallergy\": 4\r","        }\r","    ];\r","\r","    const response = pm.response.json();\r","    pm.expect(response[0].idallergy).to.eql(allergyFound[0].idallergy);\r","});\r",""],"type":"text/javascript"}}],"id":"0ea0f728-da77-446a-a604-b46996b3943f","protocolProfileBehavior":{"disableBodyPruning":true},"request":{"auth":{"type":"bearer","bearer":[{"key":"token","value":"{{jwt_token}}","type":"string"}]},"method":"GET","header":[],"url":{"raw":"http://{{IP_API}}:3001/customerAllergy/{{user_id}}","protocol":"http","host":["{{IP_API}}"],"port":"3001","path":["customerAllergy","{{user_id}}"]}},"response":[]},{"name":"Customer Allergy Remove","event":[{"listen":"test","script":{"id":"72a7bd87-1a4e-4dd1-85ab-ec0f356db0da","exec":["pm.test(\"Status code is 201\", function () {\r","    pm.response.to.have.status(201);\r","    pm.test(\"Customer Allergy removed\")\r","});\r","\r",""],"type":"text/javascript"}}],"id":"56f5760b-ab07-4d0d-8f35-d07f98742f5b","protocolProfileBehavior":{"disableBodyPruning":true},"request":{"auth":{"type":"bearer","bearer":[{"key":"token","value":"{{jwt_token}}","type":"string"}]},"method":"POST","header":[],"body":{"mode":"urlencoded","urlencoded":[{"key":"idCustomer","value":"{{user_id}}","type":"text"}]},"url":{"raw":"http://{{IP_API}}:3001/customerAllergy","protocol":"http","host":["{{IP_API}}"],"port":"3001","path":["customerAllergy"]}},"response":[]},{"name":"Customer Comment Add","event":[{"listen":"test","script":{"id":"1a30d360-a3f2-45e1-b255-16adba4200c1","exec":["pm.test(\"Status code is 204\", function () {\r","    pm.response.to.have.status(204);\r","});"],"type":"text/javascript"}}],"id":"c211e8a1-5ac6-4642-81aa-45b04c9fcbca","protocolProfileBehavior":{"disableBodyPruning":true},"request":{"auth":{"type":"bearer","bearer":[{"key":"token","value":"{{jwt_token}}","type":"string"}]},"method":"POST","header":[],"body":{"mode":"urlencoded","urlencoded":[{"key":"idCustomer","value":"{{user_id}}","type":"text"},{"key":"idRecipe","value":"5","type":"text"},{"key":"comment","value":"Test unitaire sur commentaire.","type":"text"}]},"url":{"raw":"http://{{IP_API}}:3001/comment","protocol":"http","host":["{{IP_API}}"],"port":"3001","path":["comment"]}},"response":[]},{"name":"Customer Comment Update","event":[{"listen":"test","script":{"id":"6022f077-63f3-4950-ac45-8d43da8649e6","exec":["pm.test(\"Status code is 201\", function () {\r","    pm.response.to.have.status(201);\r","});"],"type":"text/javascript"}}],"id":"c45a4db2-40c4-4579-8e6f-b859d35c6060","protocolProfileBehavior":{"disableBodyPruning":true},"request":{"auth":{"type":"bearer","bearer":[{"key":"token","value":"{{jwt_token}}","type":"string"}]},"method":"PATCH","header":[],"body":{"mode":"urlencoded","urlencoded":[{"key":"idCustomer","value":"{{user_id}}","type":"text"},{"key":"idRecipe","value":"5","type":"text"},{"key":"comment","value":"Jambon Beurre","type":"text"}]},"url":{"raw":"http://{{IP_API}}:3001/comment","protocol":"http","host":["{{IP_API}}"],"port":"3001","path":["comment"]}},"response":[]},{"name":"Customer Comment Fetch","event":[{"listen":"test","script":{"id":"a41b18fa-4822-45d1-a382-43264eb209da","exec":["pm.test(\"Status code is 200\", function () {\r","    pm.response.to.have.status(200);\r","});\r","\r","pm.test(\"Customer Comment is correctly returned\", () => {\r","    const allergyFound = [\r","        {\r","            \"comment\": \"Jambon Beurre\"\r","        }   \r","    ];\r","\r","    const response = pm.response.json();\r","    pm.expect(response[0].comment).to.eql(allergyFound[0].comment);\r","});"],"type":"text/javascript"}}],"id":"943e8a20-3bc9-4cae-a341-5c29bc68f7da","protocolProfileBehavior":{"disableBodyPruning":true},"request":{"auth":{"type":"bearer","bearer":[{"key":"token","value":"{{jwt_token}}","type":"string"}]},"method":"GET","header":[],"body":{"mode":"urlencoded","urlencoded":[]},"url":{"raw":"http://{{IP_API}}:3001/comment/target?idCustomerText={{user_id}}&idRecipeText=5","protocol":"http","host":["{{IP_API}}"],"port":"3001","path":["comment","target"],"query":[{"key":"idCustomerText","value":"{{user_id}}"},{"key":"idRecipeText","value":"5"}]}},"response":[]},{"name":"Customer Delete","event":[{"listen":"test","script":{"id":"4aa0e883-62c4-43e0-a552-6263d3f3928a","exec":["pm.test(\"Status code is 204\", function () {\r","    pm.response.to.have.status(204);\r","    pm.test(\"Customer deleted\");\r","});\r","\r","pm.test(\"Environment variable deleted\", () => {\r","    pm.environment.unset('user_id');\r","    pm.environment.unset('jwt_token');\r","});"],"type":"text/javascript"}}],"id":"d009fbd2-fe33-4278-abdd-5d7e463595c8","protocolProfileBehavior":{"disableBodyPruning":true},"request":{"auth":{"type":"bearer","bearer":[{"key":"token","value":"{{jwt_token}}","type":"string"}]},"method":"DELETE","header":[],"body":{"mode":"urlencoded","urlencoded":[{"key":"id","value":"{{user_id}}","type":"text"}]},"url":{"raw":"http://{{IP_API}}:3001/customer","protocol":"http","host":["{{IP_API}}"],"port":"3001","path":["customer"]}},"response":[]}]}